gloss,num_samples,min_T,max_T,mean_T,median_T,mean_duration_at_20fps_sec
a,7,21,106,55.71428680419922,52.0,2.7857143878936768
a lot,7,26,81,53.71428680419922,46.0,2.6857142448425293
abdomen,8,25,71,53.125,54.0,2.65625
able,7,32,75,54.28571319580078,56.0,2.7142856121063232
about,11,29,98,57.0,55.0,2.8499999046325684
above,7,15,103,64.28571319580078,68.0,3.2142856121063232
accent,6,27,37,33.5,33.5,1.6749999523162842
accept,9,26,125,56.0,46.0,2.799999952316284
accident,17,12,104,56.70588302612305,51.0,2.835294246673584
accomplish,7,28,117,61.14285659790039,44.0,3.057142734527588
accountant,5,50,111,78.5999984741211,75.0,3.929999828338623
across,10,18,76,53.79999923706055,55.0,2.690000057220459
act,5,35,96,68.19999694824219,70.0,3.4099998474121094
action,6,42,91,69.83333587646484,73.0,3.491666793823242
active,8,18,102,62.5,63.0,3.125
activity,6,33,91,55.83333206176758,55.0,2.7916665077209473
actor,7,48,95,68.57142639160156,69.0,3.4285712242126465
adapt,7,30,139,77.42857360839844,68.0,3.8714287281036377
add,8,24,101,56.75,47.5,2.8375000953674316
address,7,36,77,56.85714340209961,58.0,2.8428571224212646
adjective,6,35,152,73.66666412353516,65.0,3.683333158493042
adjust,6,44,87,67.5,69.0,3.375
admire,6,31,117,74.16666412353516,81.0,3.7083332538604736
admit,6,33,117,64.5,63.0,3.2249999046325684
adopt,7,26,89,50.42856979370117,34.0,2.5214285850524902
adult,9,31,103,58.0,45.0,2.9000000953674316
advanced,7,23,107,57.42856979370117,52.0,2.8714284896850586
advantage,7,28,106,57.28571319580078,48.0,2.864285707473755
adverb,7,37,128,74.42857360839844,71.0,3.721428632736206
affect,7,30,126,73.0,63.0,3.6500000953674316
afraid,8,18,84,51.5,56.0,2.575000047683716
africa,15,36,124,64.86666870117188,61.0,3.243333339691162
after,10,3,106,54.900001525878906,60.0,2.745000123977661
afternoon,9,5,106,59.66666793823242,65.0,2.9833333492279053
again,12,35,89,64.91666412353516,68.0,3.245833158493042
against,7,38,94,64.14286041259766,56.0,3.2071430683135986
age,10,28,74,46.79999923706055,44.0,2.3399999141693115
agenda,7,37,81,56.71428680419922,59.0,2.835714340209961
ago,12,25,83,46.75,44.0,2.3375000953674316
agree,8,32,103,60.125,56.5,3.0062499046325684
agreement,5,37,95,59.400001525878906,58.0,2.9700000286102295
ahead,8,43,100,63.75,58.0,3.1875
aid,7,27,95,58.42856979370117,58.0,2.9214284420013428
aim,8,35,114,69.25,62.0,3.4625000953674316
airplane,9,23,98,60.33333206176758,52.0,3.0166666507720947
alarm,8,30,84,59.25,60.0,2.9625000953674316
alcohol,8,26,104,64.0,66.0,3.200000047683716
algebra,7,19,116,53.42856979370117,43.0,2.6714284420013428
all,15,25,121,62.66666793823242,62.0,3.133333444595337
all day,6,8,74,43.0,39.5,2.1500000953674316
allergy,8,38,119,68.875,60.0,3.4437499046325684
alligator,7,31,106,67.28571319580078,73.0,3.364285707473755
allow,8,34,79,61.0,62.0,3.049999952316284
almost,8,12,94,61.75,62.0,3.0875000953674316
alone,10,40,99,64.69999694824219,62.0,3.234999895095825
alphabet,7,21,113,62.57143020629883,65.0,3.1285715103149414
already,10,26,92,56.20000076293945,48.5,2.809999942779541
also,9,27,96,56.66666793823242,60.0,2.8333334922790527
always,12,54,95,72.66666412353516,69.5,3.633333206176758
amazing,5,26,83,52.0,53.0,2.5999999046325684
america,9,26,174,78.66666412353516,67.0,3.933333158493042
amputate,6,18,141,57.33333206176758,41.0,2.866666555404663
analyze,10,34,96,68.9000015258789,73.0,3.445000171661377
anatomy,7,62,99,79.14286041259766,78.0,3.9571430683135986
and,9,37,84,60.33333206176758,62.0,3.0166666507720947
angel,10,24,72,50.29999923706055,51.5,2.5149998664855957
angle,6,38,64,51.0,48.5,2.549999952316284
angry,8,27,88,54.875,51.5,2.7437500953674316
animal,10,47,131,75.69999694824219,72.0,3.7849998474121094
anniversary,9,23,98,58.55555725097656,58.0,2.9277777671813965
announce,8,33,98,66.375,65.5,3.3187499046325684
annoy,6,37,114,71.0,67.5,3.549999952316284
another,9,32,83,54.0,55.0,2.700000047683716
answer,10,13,107,57.900001525878906,56.5,2.8949999809265137
any,8,24,68,58.0,64.0,2.9000000953674316
anyway,7,28,89,56.28571319580078,47.0,2.8142857551574707
apart,7,22,92,58.42856979370117,63.0,2.9214284420013428
apartment,9,23,122,65.22222137451172,59.0,3.26111102104187
apostrophe,6,28,114,50.83333206176758,41.0,2.5416665077209473
appear,9,15,108,57.44444274902344,62.0,2.8722221851348877
appetite,8,26,131,71.375,58.5,3.5687499046325684
apple,11,8,108,62.90909194946289,64.0,3.1454546451568604
appointment,9,35,182,85.11111450195312,81.0,4.255555629730225
appreciate,8,21,122,67.125,65.0,3.356250047683716
approach,4,4,105,51.0,47.5,2.549999952316284
appropriate,9,23,96,59.66666793823242,60.0,2.9833333492279053
approve,15,20,141,66.4000015258789,63.0,3.320000171661377
april,8,50,195,87.0,63.5,4.349999904632568
archery,8,29,85,55.375,54.0,2.768749952316284
area,10,25,94,62.79999923706055,68.5,3.1399998664855957
argue,13,34,101,61.846153259277344,65.0,3.0923075675964355
arizona,5,37,77,54.79999923706055,52.0,2.740000009536743
arm,8,31,96,57.5,53.0,2.875
army,8,27,89,61.5,64.5,3.075000047683716
around,7,45,96,71.0,58.0,3.549999952316284
arrest,9,21,74,38.88888931274414,32.0,1.9444444179534912
arrive,12,22,108,62.41666793823242,61.0,3.120833396911621
arrogant,8,18,119,70.375,75.0,3.518749952316284
art,9,33,107,63.44444274902344,55.0,3.172222137451172
article,7,14,167,69.0,55.0,3.450000047683716
artist,8,39,100,71.25,72.5,3.5625
asia,8,39,98,61.625,60.5,3.081249952316284
ask,9,27,83,42.11111068725586,37.0,2.105555534362793
asl,8,32,85,60.0,62.5,3.0
assist,6,27,66,51.16666793823242,53.5,2.558333396911621
assistant,8,34,102,61.5,56.5,3.075000047683716
assume,6,28,133,66.0,65.0,3.299999952316284
attend,6,39,89,58.66666793823242,51.5,2.933333396911621
attention,8,33,97,61.25,48.5,3.0625
attitude,10,8,91,55.099998474121094,52.5,2.754999876022339
attorney,7,46,101,70.85713958740234,63.0,3.5428569316864014
attract,8,31,85,54.0,50.5,2.700000047683716
auction,7,48,138,72.28571319580078,60.0,3.614285707473755
audience,9,25,112,48.66666793823242,30.0,2.433333396911621
audiologist,6,58,113,80.5,74.0,4.025000095367432
audiology,5,53,77,62.0,58.0,3.0999999046325684
august,6,46,123,70.0,66.0,3.5
aunt,9,46,96,68.22222137451172,65.0,3.4111111164093018
australia,10,27,98,53.70000076293945,52.0,2.684999942779541
austria,4,35,110,63.75,55.0,3.1875
author,7,41,113,71.28571319580078,65.0,3.5642857551574707
authority,7,29,77,53.71428680419922,43.0,2.6857142448425293
autumn,8,21,97,63.25,59.0,3.1624999046325684
available,5,28,80,50.400001525878906,44.0,2.5199999809265137
